-- phpMyAdmin SQL Dump
-- version 3.5.8.1deb1
-- http://www.phpmyadmin.net
--
-- Host: localhost
-- Generation Time: Jun 02, 2013 at 10:03 AM
-- Server version: 5.5.29-0ubuntu1
-- PHP Version: 5.4.9-4ubuntu2

SET SQL_MODE="NO_AUTO_VALUE_ON_ZERO";
SET time_zone = "+00:00";


/*!40101 SET @OLD_CHARACTER_SET_CLIENT=@@CHARACTER_SET_CLIENT */;
/*!40101 SET @OLD_CHARACTER_SET_RESULTS=@@CHARACTER_SET_RESULTS */;
/*!40101 SET @OLD_COLLATION_CONNECTION=@@COLLATION_CONNECTION */;
/*!40101 SET NAMES utf8 */;

--
-- Database: `employees`
--

-- --------------------------------------------------------

--
-- Table structure for table `departments`
--

CREATE TABLE IF NOT EXISTS `departments` (
  `dept_no` char(4) NOT NULL,
  `dept_name` varchar(40) NOT NULL,
  PRIMARY KEY (`dept_no`),
  UNIQUE KEY `dept_name` (`dept_name`)
) ENGINE=InnoDB DEFAULT CHARSET=latin1;

--
-- Dumping data for table `departments`
--

INSERT INTO `departments` (`dept_no`, `dept_name`) VALUES
('d009', 'Customer Service'),
('d005', 'Development'),
('d002', 'Finance'),
('d003', 'Human Resources'),
('d001', 'Marketing'),
('d004', 'Production'),
('d006', 'Quality Management'),
('d008', 'Research'),
('d007', 'Sales');

-- --------------------------------------------------------

--
-- Table structure for table `dept_emp`
--

CREATE TABLE IF NOT EXISTS `dept_emp` (
  `emp_no` int(11) NOT NULL,
  `dept_no` char(4) NOT NULL,
  `from_date` date NOT NULL,
  `to_date` date NOT NULL,
  PRIMARY KEY (`emp_no`,`dept_no`),
  KEY `emp_no` (`emp_no`),
  KEY `dept_no` (`dept_no`)
) ENGINE=InnoDB DEFAULT CHARSET=latin1;

--
-- Dumping data for table `dept_emp`
--

INSERT INTO `dept_emp` (`emp_no`, `dept_no`, `from_date`, `to_date`) VALUES
(10001, 'd005', '1986-06-26', '9999-01-01'),
(10002, 'd007', '1996-08-03', '9999-01-01'),
(10003, 'd004', '1995-12-03', '9999-01-01'),
(10004, 'd004', '1986-12-01', '9999-01-01'),
(10005, 'd003', '1989-09-12', '9999-01-01'),
(10006, 'd005', '1990-08-05', '9999-01-01'),
(10007, 'd008', '1989-02-10', '9999-01-01'),
(10008, 'd005', '1998-03-11', '2000-07-31'),
(10009, 'd006', '1985-02-18', '9999-01-01'),
(10010, 'd004', '1996-11-24', '2000-06-26'),
(10010, 'd006', '2000-06-26', '9999-01-01');

-- --------------------------------------------------------

--
-- Table structure for table `dept_manager`
--

CREATE TABLE IF NOT EXISTS `dept_manager` (
  `dept_no` char(4) NOT NULL,
  `emp_no` int(11) NOT NULL,
  `from_date` date NOT NULL,
  `to_date` date NOT NULL,
  PRIMARY KEY (`emp_no`,`dept_no`),
  KEY `emp_no` (`emp_no`),
  KEY `dept_no` (`dept_no`)
) ENGINE=InnoDB DEFAULT CHARSET=latin1;

-- --------------------------------------------------------

--
-- Table structure for table `employees`
--

CREATE TABLE IF NOT EXISTS `employees` (
  `emp_no` int(11) NOT NULL,
  `birth_date` date NOT NULL,
  `first_name` varchar(14) NOT NULL,
  `last_name` varchar(16) NOT NULL,
  `gender` enum('M','F') NOT NULL,
  `hire_date` date NOT NULL,
  PRIMARY KEY (`emp_no`)
) ENGINE=InnoDB DEFAULT CHARSET=latin1;

--
-- Dumping data for table `employees`
--

INSERT INTO `employees` (`emp_no`, `birth_date`, `first_name`, `last_name`, `gender`, `hire_date`) VALUES
(10001, '1953-09-02', 'Georgi', 'Facello', 'M', '1986-06-26'),
(10002, '1964-06-02', 'Bezalel', 'Simmel', 'F', '1985-11-21'),
(10003, '1959-12-03', 'Parto', 'Bamford', 'M', '1986-08-28'),
(10004, '1954-05-01', 'Chirstian', 'Koblick', 'M', '1986-12-01'),
(10005, '1955-01-21', 'Kyoichi', 'Maliniak', 'M', '1989-09-12'),
(10006, '1953-04-20', 'Anneke', 'Preusig', 'F', '1989-06-02'),
(10007, '1957-05-23', 'Tzvetan', 'Zielinski', 'F', '1989-02-10'),
(10008, '1958-02-19', 'Saniya', 'Kalloufi', 'M', '1994-09-15'),
(10009, '1952-04-19', 'Sumant', 'Peac', 'F', '1985-02-18'),
(10010, '1963-06-01', 'Duangkaew', 'Piveteau', 'F', '1989-08-24');

-- --------------------------------------------------------

--
-- Table structure for table `salaries`
--

CREATE TABLE IF NOT EXISTS `salaries` (
  `salary_id` int(11) NOT NULL,
  `emp_no` int(11) NOT NULL,
  `salary` int(11) NOT NULL,
  `from_date` date NOT NULL,
  `to_date` date NOT NULL,
  PRIMARY KEY (`salary_id`),
  KEY `emp_no` (`emp_no`)
) ENGINE=InnoDB DEFAULT CHARSET=latin1;

--
-- Dumping data for table `salaries`
--

INSERT INTO `salaries` (`salary_id`, `emp_no`, `salary`, `from_date`, `to_date`) VALUES
(1, 10001, 60117, '1986-06-26', '1987-06-26'),
(2, 10001, 62102, '1987-06-26', '1988-06-25'),
(3, 10001, 66074, '1988-06-25', '1989-06-25'),
(4, 10001, 66596, '1989-06-25', '1990-06-25'),
(5, 10001, 66961, '1990-06-25', '1991-06-25'),
(6, 10001, 71046, '1991-06-25', '1992-06-24'),
(7, 10001, 74333, '1992-06-24', '1993-06-24'),
(8, 10001, 75286, '1993-06-24', '1994-06-24'),
(9, 10001, 75994, '1994-06-24', '1995-06-24'),
(10, 10001, 76884, '1995-06-24', '1996-06-23'),
(11, 10001, 80013, '1996-06-23', '1997-06-23'),
(12, 10001, 81025, '1997-06-23', '1998-06-23'),
(13, 10001, 81097, '1998-06-23', '1999-06-23'),
(14, 10001, 84917, '1999-06-23', '2000-06-22'),
(15, 10001, 85112, '2000-06-22', '2001-06-22'),
(16, 10001, 85097, '2001-06-22', '2002-06-22'),
(17, 10001, 88958, '2002-06-22', '9999-01-01'),
(18, 10002, 65828, '1996-08-03', '1997-08-03'),
(19, 10002, 65909, '1997-08-03', '1998-08-03'),
(20, 10002, 67534, '1998-08-03', '1999-08-03'),
(21, 10002, 69366, '1999-08-03', '2000-08-02'),
(22, 10002, 71963, '2000-08-02', '2001-08-02'),
(23, 10002, 72527, '2001-08-02', '9999-01-01'),
(24, 10003, 40006, '1995-12-03', '1996-12-02'),
(25, 10003, 43616, '1996-12-02', '1997-12-02'),
(26, 10003, 43466, '1997-12-02', '1998-12-02'),
(27, 10003, 43636, '1998-12-02', '1999-12-02'),
(28, 10003, 43478, '1999-12-02', '2000-12-01'),
(29, 10003, 43699, '2000-12-01', '2001-12-01'),
(30, 10003, 43311, '2001-12-01', '9999-01-01'),
(31, 10004, 40054, '1986-12-01', '1987-12-01'),
(32, 10004, 42283, '1987-12-01', '1988-11-30'),
(33, 10004, 42542, '1988-11-30', '1989-11-30'),
(34, 10004, 46065, '1989-11-30', '1990-11-30'),
(35, 10004, 48271, '1990-11-30', '1991-11-30'),
(36, 10004, 50594, '1991-11-30', '1992-11-29'),
(37, 10004, 52119, '1992-11-29', '1993-11-29'),
(38, 10004, 54693, '1993-11-29', '1994-11-29'),
(39, 10004, 58326, '1994-11-29', '1995-11-29'),
(40, 10004, 60770, '1995-11-29', '1996-11-28'),
(41, 10004, 62566, '1996-11-28', '1997-11-28'),
(42, 10004, 64340, '1997-11-28', '1998-11-28'),
(43, 10004, 67096, '1998-11-28', '1999-11-28'),
(44, 10004, 69722, '1999-11-28', '2000-11-27'),
(45, 10004, 70698, '2000-11-27', '2001-11-27'),
(46, 10004, 74057, '2001-11-27', '9999-01-01'),
(47, 10005, 78228, '1989-09-12', '1990-09-12'),
(48, 10005, 82621, '1990-09-12', '1991-09-12'),
(49, 10005, 83735, '1991-09-12', '1992-09-11'),
(50, 10005, 85572, '1992-09-11', '1993-09-11'),
(51, 10005, 85076, '1993-09-11', '1994-09-11'),
(52, 10005, 86050, '1994-09-11', '1995-09-11'),
(53, 10005, 88448, '1995-09-11', '1996-09-10'),
(54, 10005, 88063, '1996-09-10', '1997-09-10'),
(55, 10005, 89724, '1997-09-10', '1998-09-10'),
(56, 10005, 90392, '1998-09-10', '1999-09-10'),
(57, 10005, 90531, '1999-09-10', '2000-09-09'),
(58, 10005, 91453, '2000-09-09', '2001-09-09'),
(59, 10005, 94692, '2001-09-09', '9999-01-01'),
(60, 10006, 40000, '1990-08-05', '1991-08-05'),
(61, 10006, 42085, '1991-08-05', '1992-08-04'),
(62, 10006, 42629, '1992-08-04', '1993-08-04'),
(63, 10006, 45844, '1993-08-04', '1994-08-04'),
(64, 10006, 47518, '1994-08-04', '1995-08-04'),
(65, 10006, 47917, '1995-08-04', '1996-08-03'),
(66, 10006, 52255, '1996-08-03', '1997-08-03'),
(67, 10006, 53747, '1997-08-03', '1998-08-03'),
(68, 10006, 56032, '1998-08-03', '1999-08-03'),
(69, 10006, 58299, '1999-08-03', '2000-08-02'),
(70, 10006, 60098, '2000-08-02', '2001-08-02'),
(71, 10006, 59755, '2001-08-02', '9999-01-01'),
(72, 10007, 56724, '1989-02-10', '1990-02-10'),
(73, 10007, 60740, '1990-02-10', '1991-02-10'),
(74, 10007, 62745, '1991-02-10', '1992-02-10'),
(75, 10007, 63475, '1992-02-10', '1993-02-09'),
(76, 10007, 63208, '1993-02-09', '1994-02-09'),
(77, 10007, 64563, '1994-02-09', '1995-02-09'),
(78, 10007, 68833, '1995-02-09', '1996-02-09'),
(79, 10007, 70220, '1996-02-09', '1997-02-08'),
(80, 10007, 73362, '1997-02-08', '1998-02-08'),
(81, 10007, 75582, '1998-02-08', '1999-02-08'),
(82, 10007, 79513, '1999-02-08', '2000-02-08'),
(83, 10007, 80083, '2000-02-08', '2001-02-07'),
(84, 10007, 84456, '2001-02-07', '2002-02-07'),
(85, 10007, 88070, '2002-02-07', '9999-01-01'),
(86, 10008, 46671, '1998-03-11', '1999-03-11'),
(87, 10008, 48584, '1999-03-11', '2000-03-10'),
(88, 10008, 52668, '2000-03-10', '2000-07-31'),
(89, 10009, 60929, '1985-02-18', '1986-02-18'),
(90, 10009, 64604, '1986-02-18', '1987-02-18'),
(91, 10009, 64780, '1987-02-18', '1988-02-18'),
(92, 10009, 66302, '1988-02-18', '1989-02-17'),
(93, 10009, 69042, '1989-02-17', '1990-02-17'),
(94, 10009, 70889, '1990-02-17', '1991-02-17'),
(95, 10009, 71434, '1991-02-17', '1992-02-17'),
(96, 10009, 74612, '1992-02-17', '1993-02-16'),
(97, 10009, 76518, '1993-02-16', '1994-02-16'),
(98, 10009, 78335, '1994-02-16', '1995-02-16'),
(99, 10009, 80944, '1995-02-16', '1996-02-16'),
(100, 10009, 82507, '1996-02-16', '1997-02-15'),
(101, 10009, 85875, '1997-02-15', '1998-02-15'),
(102, 10009, 89324, '1998-02-15', '1999-02-15'),
(103, 10009, 90668, '1999-02-15', '2000-02-15'),
(104, 10009, 93507, '2000-02-15', '2001-02-14'),
(105, 10009, 94443, '2001-02-14', '2002-02-14'),
(106, 10009, 94409, '2002-02-14', '9999-01-01'),
(107, 10010, 72488, '1996-11-24', '1997-11-24'),
(108, 10010, 74347, '1997-11-24', '1998-11-24'),
(109, 10010, 75405, '1998-11-24', '1999-11-24'),
(110, 10010, 78194, '1999-11-24', '2000-11-23'),
(111, 10010, 79580, '2000-11-23', '2001-11-23'),
(112, 10010, 80324, '2001-11-23', '9999-01-01');

-- --------------------------------------------------------

--
-- Table structure for table `titles`
--

CREATE TABLE IF NOT EXISTS `titles` (
  `emp_no` int(11) NOT NULL,
  `title` varchar(50) NOT NULL,
  `from_date` date NOT NULL,
  `to_date` date DEFAULT NULL,
  PRIMARY KEY (`emp_no`,`title`,`from_date`),
  KEY `emp_no` (`emp_no`)
) ENGINE=InnoDB DEFAULT CHARSET=latin1;

--
-- Dumping data for table `titles`
--

INSERT INTO `titles` (`emp_no`, `title`, `from_date`, `to_date`) VALUES
(10001, 'Senior Engineer', '1986-06-26', '9999-01-01'),
(10002, 'Staff', '1996-08-03', '9999-01-01'),
(10003, 'Senior Engineer', '1995-12-03', '9999-01-01'),
(10004, 'Engineer', '1986-12-01', '1995-12-01'),
(10004, 'Senior Engineer', '1995-12-01', '9999-01-01'),
(10005, 'Senior Staff', '1996-09-12', '9999-01-01'),
(10005, 'Staff', '1989-09-12', '1996-09-12'),
(10006, 'Senior Engineer', '1990-08-05', '9999-01-01'),
(10007, 'Senior Staff', '1996-02-11', '9999-01-01'),
(10007, 'Staff', '1989-02-10', '1996-02-11'),
(10008, 'Assistant Engineer', '1998-03-11', '2000-07-31'),
(10009, 'Assistant Engineer', '1985-02-18', '1990-02-18'),
(10009, 'Engineer', '1990-02-18', '1995-02-18'),
(10009, 'Senior Engineer', '1995-02-18', '9999-01-01'),
(10010, 'Engineer', '1996-11-24', '9999-01-01');

--
-- Constraints for dumped tables
--

--
-- Constraints for table `dept_emp`
--
ALTER TABLE `dept_emp`
  ADD CONSTRAINT `dept_emp_ibfk_1` FOREIGN KEY (`emp_no`) REFERENCES `employees` (`emp_no`) ON DELETE CASCADE,
  ADD CONSTRAINT `dept_emp_ibfk_2` FOREIGN KEY (`dept_no`) REFERENCES `departments` (`dept_no`) ON DELETE CASCADE;

--
-- Constraints for table `dept_manager`
--
ALTER TABLE `dept_manager`
  ADD CONSTRAINT `dept_manager_ibfk_1` FOREIGN KEY (`emp_no`) REFERENCES `employees` (`emp_no`) ON DELETE CASCADE,
  ADD CONSTRAINT `dept_manager_ibfk_2` FOREIGN KEY (`dept_no`) REFERENCES `departments` (`dept_no`) ON DELETE CASCADE;

--
-- Constraints for table `salaries`
--
ALTER TABLE `salaries`
  ADD CONSTRAINT `salaries_ibfk_1` FOREIGN KEY (`emp_no`) REFERENCES `employees` (`emp_no`) ON DELETE CASCADE;

--
-- Constraints for table `titles`
--
ALTER TABLE `titles`
  ADD CONSTRAINT `titles_ibfk_1` FOREIGN KEY (`emp_no`) REFERENCES `employees` (`emp_no`) ON DELETE CASCADE;

/*!40101 SET CHARACTER_SET_CLIENT=@OLD_CHARACTER_SET_CLIENT */;
/*!40101 SET CHARACTER_SET_RESULTS=@OLD_CHARACTER_SET_RESULTS */;
/*!40101 SET COLLATION_CONNECTION=@OLD_COLLATION_CONNECTION */;
